id,short_description,participant_lanes,coord_primitive,temporal_operator,temporal_predicate,derived_tier,hairy,checker_kinds,checker_paths,satisfy_refs,full_description
INV-1,Queue claim atomicity,job-introducer; worker,ATOMIC_CLAIM,[]P,NoLoss /\ AtMostOneClaimer,SAFETY_BFS,True,SIMWORLD; PROPERTY,web/test_simworld/test_inv1_atomic_claim.py::test_inv1_single_popper_no_loss_no_dup; web/test_dispatch_atomic_zpopmin_property.py,web/worker.py::_claim_and_process_chunk,Queue claim atomicity — claim+move-to-remediating is one atomic op.
INV-2,Size-stratified fairness + tier ordering,job-introducer,NONE,[]P,RoutingDeterministic,LINEAR_PROPERTY,False,PROPERTY,web/test_simworld/test_inv2_fairness_ordering.py::test_inv2_classify_size_boundary_determinism,web/dispatch/queue.py::classify_size,Size-stratified fairness + tier ordering (routing is deterministic).
INV-3,Preemption-requeue priority preservation,job-introducer,NONE,[]P,RequeuePreservesSizeClass,LINEAR_PROPERTY,False,PROPERTY,web/test_simworld/test_inv3_preempt_requeue.py::test_inv3_preemption_preserves_page_count_and_size_class,web/job_completer.py::_reclaim_orphaned_leases,Preemption-requeue priority preservation (the ONLY sanctioned requeue).
INV-4,Cancellation removes from ALL 9 Redis structures + chunk purge.,server; job-introducer; worker,ATOMIC_CLAIM,[]P,CancelClearsAllStructures,SAFETY_BFS,True,SIMWORLD; PROPERTY,web/test_simworld/test_inv4_cancel_all8.py::test_inv4_remove_from_all_8_clears_every_structure; web/test_dispatch_remove_from_all_queues_property.py,web/dispatch/queue.py::remove_from_all_queues,Cancellation removes from ALL 9 Redis structures + chunk purge.
INV-6,Metric/queue-depth consistency under queue-shape change,server,NONE,[]P,MetricSumsAllStructures,LINEAR_PROPERTY,False,PROPERTY,web/test_simworld/test_inv6_metric_queue_consistency.py::test_inv6_empty_all_structures_yields_zero,web/admin_dashboard.py::_live_queue_breakdown,Metric/queue-depth consistency under queue-shape change (structural).
INV-7,Wake/sleep ↔ in-flight (split-brain + version gating),job-introducer,NONE,[]P,StalePodDoesNotPop,LINEAR_PROPERTY,False,PROPERTY,web/test_simworld/test_inv7_version_gate_wakesleep.py::test_inv7_stale_pod_does_not_pop,web/job_introducer.py::introducer_tick,Wake/sleep ↔ in-flight (split-brain + version gating) — one guard.
INV-8,Stale-sweep ↔ heartbeat,job-completer; worker,STALE_READ_HEARTBEAT,[]P,SweepSparesLiveJob,SAFETY_BFS,True,SIMWORLD,web/test_simworld/test_inv8_stale_sweep.py::test_inv8_sweep_spares_live_job_deterministic,web/job_completer.py::_reclaim_orphaned_leases,Stale-sweep ↔ heartbeat — don't kill a still-progressing job.
INV-9,Progress monotonicity under concurrent writers,job-introducer,NONE,[]P,ProgressNeverRegresses,LINEAR_PROPERTY,False,PROPERTY,web/test_simworld/test_inv9_progress_monotonic.py::test_inv9_lua_monotonic_guard_present,shared/lua/progress_monotonic.lua,Progress monotonicity under concurrent writers (Lua-atomic guard).
INV-10,Chunk fan-out/fan-in aggregate,job-introducer; worker; job-completer,SQL_CAS,[]P,ExactlyOneCompleter,SAFETY_BFS,True,SIMWORLD,web/test_simworld/test_inv10_chunk_fanin.py::test_inv10_single_completer_all_conjuncts,web/persistence/jobs.py::claim_coordinator,Chunk fan-out/fan-in aggregate — dual-completer merge-claim CAS.
INV-11,Cross-SOA partial-failure mid-sequence,worker,NONE,[]P,PartialFailureRaisesLoud,LINEAR_PROPERTY,False,PROPERTY,web/test_simworld/test_inv11_xsoa_partial_failure.py::test_inv11_should_have_worked_raises_loud,web/worker.py::_build_partial_failure_record,Cross-SOA partial-failure mid-sequence — typed FailureCause branch.
INV-12,Upload-before-DB-update on corrupt-output fallback,job-completer,NONE,[]P,FallbackUploadPrecedesDbUpdate,LINEAR_PROPERTY,False,PROPERTY,web/test_simworld/test_inv12_recovery_ordering.py::test_inv12_finalize_output_precedes_update_job_with_fakedb,web/jobtypes/statemachine.py::RECOVERY_TRANSITIONS; web/chunking/recovery.py::run_fallback_merge_recovery,Upload-before-DB-update on corrupt-output fallback (SM ordering).
INV-13,No-DROP under the bridge,server; quota-gate,ATOMIC_CLAIM,[]P,AckAfterTerminalWriteNoLoss,SAFETY_BFS,True,SIMWORLD; PROPERTY,web/test_simworld/test_inv13_ack_after_terminal_model_check.py::test_inv13_ack_after_terminal_holds_no_drop; web/test_quota_gate_push_parity.py::test_redelivery_skips_reserve_and_completes,web/quota_gate.py::run_push_consumer,No-DROP under the bridge — ack on handler-return AFTER the terminal write (the message lease spans the whole process).
INV-14,No-DOUBLE (credit),server; quota-gate,SQL_CAS,[]P,AtMostOneCreditReserve,SAFETY_BFS,True,SIMWORLD; PROPERTY,web/test_simworld/test_inv14_quota_gate_cas_model_check.py::test_inv14_cas_holds_at_most_once_reserve; web/test_quota_gate_push_parity.py::test_concurrent_plus_redelivery_composed_exactly_one_reserves,web/persistence/jobs.py::claim_quota_gate,No-DOUBLE (credit) — the quota-gate at-most-once billing fence: a redelivered check never double-reserves credits.
INV-15,No-DOUBLE (chunk fan-out),server; job-introducer,SQL_CAS,[]P,AtMostOneChunkFanout,SAFETY_BFS,True,SIMWORLD; PROPERTY,web/test_simworld/test_inv15_introducer_cas_model_check.py::test_inv15_cas_holds_at_most_once_fanout; web/test_introducer_claim_cas_dynamics.py::test_concurrent_plus_redelivery_composed_exactly_one_introduces,web/persistence/jobs.py::claim_introducer,No-DOUBLE (chunk fan-out) — the introducer at-most-once parent-claim CAS: a redelivered introduce never double-fans-out.
INV-16,Producer publishes STRAIGHT to the managed queue,server,NONE,[]P,ProducerPublishesDirectNoRedisPath,LINEAR_PROPERTY,False,PROPERTY,web/dispatch/test_inv16_direct_publish_property.py::test_each_quota_gate_publish_lands_exactly_one,web/dispatch/seam.py::get_dispatch_seam,Producer publishes STRAIGHT to the managed queue — no Redis-in-the-path bridge (single ordered publish per event).
INV-17,Orphan-recovery relocation preserves no-double-merge,job-completer; sweep-cron,SQL_CAS,[]P,OrphanRecoveryNoDoubleMerge,SAFETY_BFS,True,SIMWORLD,web/test_simworld/test_inv17_orphan_recovery_model_check.py::test_inv17_cas_holds_no_double_merge,web/persistence/jobs.py::claim_coordinator,Orphan-recovery relocation preserves no-double-merge — the lost-notify safety net (boot-scan → Cloud Scheduler cron) still gates the merge on the completer SQL-CAS.
INV-18,Async-cutover eventual termination,job-completer; sweep-cron,STALE_READ_HEARTBEAT,P~>Q,Submitted ~> Terminal,LIVENESS_TLC,True,TLA_TLC,spec/INV18AsyncTermination.tla,web/job_completer.py::_recover_orphaned_jobs,"Async-cutover eventual termination — under min=0 + at-least-once PUSH (delivery may be LOST) with the always-on polling supervisor GONE, every SUBMITTED job EVENTUALLY reaches a terminal state; the Cloud Scheduler sweep-cron is the load-bearing recovery driver."
INV-SCR-1,GCP-timer-INDEPENDENT scale-to-zero resume,job-completer; sweep-cron,SQL_CAS,[]P,TimerIndependentResume /\ NoDoubleProcess,SAFETY_BFS,True,SIMWORLD; SIMWORLD,web/test_simworld/test_scr_resume_model_check.py::test_scr_resume_completion_survives_all_push_failures; web/test_simworld/test_scr_resume_model_check.py::test_scr_resume_liveness_inflight,web/persistence/jobs.py::claim_quota_gate; web/job_completer.py::run_sweep,"GCP-timer-INDEPENDENT scale-to-zero resume — a scaled-to-zero (minScale=0) consumer's enqueued job ALWAYS reaches a terminal (done) state and is processed AT MOST ONCE, across every interleaving of {observable wake, durable-claim CAS, redeliver, drop, async-loss, owned-cron sweep}; completion holds even when EVERY cold-wake delivery loses its post-ACK async work — the owned Cloud-Scheduler sweep-net carries it, so resume NEVER depends on winning a race against a GCP-opaque timer/deadline."
INV-FO-1,Fan-out re-drive completeness — a WAITING parent NEVER has a permanently-absent chunk task: [](WAITING ⇒ ∀c: dispatched_durably(c) ∨ redrive_pending(c)).,job-introducer; sweep-cron,SQL_CAS,[]P,FanoutRedriveCompleteness,SAFETY_BFS,True,SIMWORLD,web/test_simworld/test_invfo1_fanout_redrive.py::test_invfo1_redrive_completeness_holds,web/dispatch/managed_queue.py::publish_chunks_bulk; web/dispatch/fanout_redrive.py::redrive_incomplete_fanout; web/job_completer.py::_redrive_incomplete_fanout,"Fan-out re-drive completeness — a WAITING parent NEVER has a permanently-absent chunk task: [](WAITING ⇒ ∀c: dispatched_durably(c) ∨ redrive_pending(c)). The missing-set (the durably-absent chunk TASKS, keyed on the chunk-ROW (status, started_at) — NOT a Cloud-Tasks task-existence query, which does not exist, G1) is always re-driven via a BLIND idempotent re-create (name-dedup convergent); on re-drive-budget exhaustion past the FANOUT_STALL_SECONDS window the fan-out watchdog sweep FAILs the parent (WAITING→FAILED, M4). FIDELITY GUARD (Q3): the re-drive targets ONLY missing TASKS keyed on the chunk-ROW state — a COMPLETED or leased/REMEDIATING chunk is NEVER re-created (never re-remediates a delivered chunk; a leased chunk counts as dispatched → no false-timeout)."
INV-FO-2,"Fan-out eventual termination (INV-18 fan-out extension, G3)",job-introducer; sweep-cron,STALE_READ_HEARTBEAT,P~>Q,WaitingWithMissingChunks ~> AllChunksTerminal,LIVENESS_TLC,True,TLA_TLC,spec/INVFO2FanoutTermination.tla,web/job_completer.py::_redrive_incomplete_fanout; web/dispatch/fanout_redrive.py::redrive_incomplete_fanout,"Fan-out eventual termination (INV-18 fan-out extension, G3) — every chunk of a WAITING parent EVENTUALLY reaches a terminal state: WaitingWithMissingChunks ~> AllChunksTerminal. This is the fan-OUT liveness INV-18 does NOT express: INV-18 (Submitted ~> Terminal) DELIBERATELY FOLDS chunk cardinality into one job-level token to keep its TLC state space tractable (G3: do NOT un-fold it). A NEW invariant with its OWN small .tla keeps INV-18 = job-level and INV-FO-2 = fan-out-level, each spec small. Under min=0 + at-least-once managed publish, a chunk task may be LOST (partial publish / created-but-undelivered); the fan-out watchdog sweep (the ONE always-reachable driver) re-finds the stranded parent and re-drives its missing chunks — WITHOUT the sweep a lost chunk task strands the parent in WAITING forever (the falsifiability teeth)."
INV-FR-1,Frontier-state derivability,worker,NONE,[]P,FrontierStateDerivable,LINEAR_PROPERTY,False,PROPERTY,web/jobtypes/test_frontier_state_property.py::test_invfr1_derive_is_pure_total_and_matches_table,web/jobtypes/statemachine.py::derive_frontier_state,"Frontier-state derivability — a job's FrontierState (UNPLANNED/PLANNED/EXHAUSTED/FINALIZED) is a PURE, TOTAL, deterministic function of its durable rows (jobs.planned_at + jobs.status + the done/total chunk-row counts); there is NO independent frontier store to drift. □(FrontierState == derive_frontier_state(rows)). The derived view is A.24's highest-rung join (UNIFY) — it cannot diverge from what it derives."
INV-FR-2,Frontier immutability post-PLAN,worker,NONE,[]P,FrontierImmutablePostPlan,LINEAR_PROPERTY,False,PROPERTY,web/jobtypes/test_frontier_state_property.py::test_invfr2_immutability_never_premature_finalizes,web/jobtypes/statemachine.py::derive_frontier_state,"Frontier immutability post-PLAN — once planned, no unit row is created outside the PLAN claim, so the availability predicates read a STABLE ``total`` and can never PREMATURE-finalize. □(planned ⇒ EXHAUSTED requires total>0 ∧ done>=total): a hypothetical late row only DELAYS EXHAUSTED (raises total), never advances it, and a zero-unit frontier (the R1-impossible total==0) is never EXHAUSTED (design §4.5)."
INV-FR-3,PLAN claim atomicity + claim-once (Ph1b R1),job-introducer; sweep-cron,SQL_CAS,[]P,FrontierPlanAtomicClaimOnce,SAFETY_BFS,True,SIMWORLD,web/test_simworld/test_invfr3_frontier_plan.py::test_invfr3_atomic_cas_plan_never_violates,web/persistence/jobs.py::bulk_create_chunk_jobs; web/worker.py::_claim_and_process_chunk,"PLAN claim atomicity + claim-once (Ph1b R1) — the PLAN arm claims via a ``planned_at IS NULL`` SQL-CAS and stamps ``planned_at`` ATOMICALLY inside the bulk-create transaction, under Cloud-Tasks at-least-once redelivery + concurrent plan-<job> deliveries. Two safety obligations: (3a) □ ¬(planned_at ∧ total==0) — never a planned-but-no-rows window (``bulk_create_chunk_jobs`` is NOT idempotent: fresh uuids, no (parent,chunk_index) unique key); (3b) □ at-most-one plan worker creates the rows (the CAS admits one; a second create would DUPLICATE the frontier)."
INV-FR-4,FINALIZE triple-fence single-execution,worker; sweep-cron,SQL_CAS,[]P,FrontierSingleFinalize,SAFETY_BFS,True,SIMWORLD,web/test_simworld/test_invfr4_frontier_finalize.py::test_invfr4_merge_cas_never_double_finalizes,web/job_completer.py::_claim_merge_role,"FINALIZE triple-fence single-execution — at most one FINALIZE effectively completes per job under concurrent last-finishers + the recovery sweep (Ph1b R2) + Cloud-Tasks redelivery. □ merged_count <= 1, held by three fences: (1) finalize-<job> task name-dedup collapses the enqueues to ≤1 durable task, (2) the merge-claim SQL-CAS admits one deliverer, (3) the positive ``merge_completed_at`` signal idempotency-checks a redelivery. STRICTLY STRONGER than today's dedup-less Pub/Sub completer fan-in (CAS-only, no name-dedup — design §4.6)."
INV-P1,DB-is-truth / Redis-is-derived,server; worker,NONE,[]P,AuthoritativeStateInPostgres,LINEAR_PROPERTY,False,PROPERTY,web/persistence/test_jobs_doc_derived.py,web/persistence/jobs.py::update_job,DB-is-truth / Redis-is-derived — every authoritative datum (job status / account / billing / analytics) lives in Postgres; Redis holds only ephemeral rebuildable signals.
INV-P2,update_job compare-and-set guard,worker; job-completer,SQL_CAS,[]P,AtMostOneStatusWinner,SAFETY_BFS,True,SIMWORLD; PROPERTY,web/test_simworld/test_invp2_update_job_cas.py::test_invp2_cas_holds_at_most_one_winner_and_mirror_consistency; web/persistence/test_jobs_cas_property.py::test_should_mirror_iff_cas_won_or_unconditional,web/persistence/jobs.py::update_job,"update_job compare-and-set guard — a conditional status transition (expected_status=X, status=Y) applies iff the row is in X; a losing racer sees rows_updated==0 and never overwrites the winner (the chunk mirror writes ONLY when the CAS won)."
INV-P3,Upload-before-DB-update on the corrupt-output fallback,worker,NONE,[]P,UploadPrecedesCompletedWrite,LINEAR_PROPERTY,False,PROPERTY,web/chunking/test_recovery_doc_derived.py,web/jobtypes/statemachine.py::RECOVERY_TRANSITIONS,"Upload-before-DB-update on the corrupt-output fallback — the fallback file is uploaded to remote storage BEFORE status='completed' is written, so a crash between the two never leaves a completed row pointing at a missing artifact."
INV-P4,Migration advisory-lock mutual exclusion,server; worker; job-introducer; quota-gate,ATOMIC_CLAIM,[]P,AtMostOneMigrator,SAFETY_BFS,True,SIMWORLD; PROPERTY,web/test_simworld/test_invp4_migration_lock.py::test_invp4_lock_holds_mutual_exclusion; web/test_db_migration_lock.py::test_resolve_direct_url_pgbouncer_falls_through_to_xact_mode,web/persistence/migrations.py::init_db,Migration advisory-lock mutual exclusion — at most ONE process runs schema migrations at a time; the exclusion (pg_advisory_xact_lock / pg_try_advisory_lock on _MIGRATION_LOCK_ID) is held for the whole migration body across the ~4-pod concurrent boot.
INV-P5,Migration-block error isolation,server,NONE,[]P,FailedBlockIsolatedAndMissingSeedFailsLoud,LINEAR_PROPERTY,False,PROPERTY,web/persistence/test_seed_invariants_doc_derived.py,web/persistence/migrations.py::seed_required_rows; web/persistence/seed_invariants.py::assert_required_seed_rows,"Migration-block error isolation — each block commits/rolls-back independently (SAVEPOINT in xact mode, per-block commit in bypass); a failed _migrate_* block is logged+swallowed without aborting the rest, but the seed-invariant assertion is fail-LOUD."
INV-P6,Column-allowlist ↔ CAS interpolation soundness,worker,NONE,[]P,EveryInterpolatedColumnAllowlisted,LINEAR_PROPERTY,False,PROPERTY,web/persistence/test_columns_doc_derived.py,web/persistence/columns.py::_VALID_JOB_UPDATE_COLUMNS; web/persistence/jobs.py::update_job,Column-allowlist ↔ CAS interpolation soundness — every column name f-string-interpolated into the update_job/update_chunk SET clause MUST be in the closed _VALID_*_UPDATE_COLUMNS allowlist (an invalid column raises ValueError before any SQL runs).
INV-P7,Schema-drift floor,server,NONE,[]P,AllowlistColumnsExistInSchema,LINEAR_PROPERTY,False,PROPERTY,web/persistence/test_columns_doc_derived.py,web/persistence/columns.py::_VALID_JOB_UPDATE_COLUMNS,"Schema-drift floor — every column in _VALID_*_UPDATE_COLUMNS corresponds to a column actually present in the Alembic-managed schema (ORM D3b: schema authority is Alembic + the Phase-2 models, not the retired migrations.py DDL chain); a pinned-but-unlanded column is a drift finding, not a silent write-failure."
INV-P8,Connection dispatch soundness,server,NONE,[]P,ModeMatchesUrlKind,LINEAR_PROPERTY,False,PROPERTY,web/test_db_migration_lock.py::test_resolve_direct_url_pgbouncer_falls_through_to_xact_mode,web/persistence/conn.py::_open_direct_postgres_conn; web/persistence/conn.py::_resolve_direct_database_url,Connection dispatch soundness — a pgbouncer (transaction-pool) URL ALWAYS routes to xact-lock mode (is_bypass=False) and a direct-postgres URL routes to bypass mode (is_bypass=True); the wrong mode drops the session lock at COMMIT (the pre-260505 bug).
INV-C2-1,SOA-cost immediate-durability,worker,NONE,[]P,SoaReturn => AccumulatorWritten,LINEAR_PROPERTY,False,PROPERTY,web/dispatch/test_soa_cost_unit.py,web/dispatch/soa_cost.py::_accumulate_soa_cost,"SOA-cost immediate-durability — every SOA-call return folds its (genai_usd, compute_usd) into the per-job Redis accumulator (HINCRBYFLOAT) synchronously at the return site, never buffered in worker memory across the next step (the 'lose at most ONE in-flight step' durability bar)."
INV-C2-2,Both-terminals cost flush,worker,NONE,P~>Q,ChunkTerminal ~> SoaCostFlushedToJobsRow,LINEAR_PROPERTY,False,PROPERTY,web/costrollup/test_soa_flush_cov_unit.py,web/costrollup/soa_flush.py::flush_soa_cost_to_job_row,Both-terminals cost flush — flush_soa_cost_to_job_row is invoked from BOTH the COMPLETING and the FAILED chunk-terminal on_enter hooks; a FAILED job's cost-to-date IS billed (partial-completion). A success-path-only flush silently drops FAILED-job spend.
INV-C2-3,Flush idempotency,worker,REDIS_READ_DELETE,[]P,TerminalFlushedTwice => CostFoldedOnce,LINEAR_PROPERTY,False,PROPERTY,web/dispatch/test_soa_cost_unit.py,web/dispatch/soa_cost.py::_flush_soa_cost,"Flush idempotency — _flush_soa_cost is an atomic Redis HGETALL+DELETE pipeline, so a rare re-entrant terminal (chunk-merge re-drive) finds an empty hash and folds 0.0, never double-counting spend into jobs.cost_usd."
INV-C2-4,"Exit-code fidelity — handle_cli_result maps every value in the closed CLI exit-code set to exactly one terminal, with no fall-through gap.",worker,NONE,[]P,ExitCode in ClosedSet => ExactlyOneTerminal,LINEAR_PROPERTY,False,PROPERTY,web/workerlifecycle/test_cli_result.py::TestHandleCliResultExitCodeTotalMapping,web/workerlifecycle/cli_result.py::handle_cli_result,"Exit-code fidelity — handle_cli_result maps every value in the closed CLI exit-code set to exactly one terminal, with no fall-through gap. The mapping is DETERMINISTIC (same code+markers ⇒ same terminal) and TOTAL (rule #14 — an unhandled code cannot silently succeed)."
INV-C2-5,C#↔Python exit-code table consistency,worker; soa-services,NONE,[]P,PyExitConstants == CSharpExitCodes,LINEAR_PROPERTY,False,PROPERTY,web/wire_contracts/test_generated_cli_exit_codes.py,web/workerlifecycle/cli_result.py::handle_cli_result,C#↔Python exit-code table consistency — the Python CLI_EXIT_* constants EQUAL the C# producer's exit codes (Program.cs + ServiceShouldHaveWorkedException/PerPassValidator .ExitCode). A drift (C# emits an exit code Python doesn't enumerate) silently routes the new code to GENERIC_FAIL — the exit-code analogue of 'a regex subtly wrong for months'. ⚠️ ALREADY DRIFTED: C# exit 4 (ServiceShouldHaveWorkedException) has NO Python constant → G3 shared-map is the by-construction fix (phase-2 design).
INV-C2-6,Chunk cost fan-in sums to parent,worker; job-completer,NONE,[]P,ParentCost == Sum(ChunkCosts),LINEAR_PROPERTY,False,PROPERTY,web/costrollup/test_persist_unit.py,web/costrollup/persist.py::persist_parent_cost_from_chunks,"Chunk cost fan-in sums to parent — for a chunked parent job, persist_parent_cost_from_chunks sums cost_usd (+ tokens, time) over ALL chunk rows (including FAILED/skipped — partial-completion is billed) into the parent row: jobs.cost_usd == Σ(chunk costs). A dropped chunk is an undercount (the P15 measure-one-level-deeper invariant — the number that drives engineering must equal the invoice)."
INV-19,Atomic chunk-row creation (C5-a),job-introducer,NONE,[]P,AllChunkRowsOrNone,LINEAR_PROPERTY,False,PROPERTY,web/chunking/test_split_atomic_creation_property.py,web/persistence/jobs.py::bulk_create_chunk_jobs,"Atomic chunk-row creation (C5-a) — split_*_into_chunks create ALL chunk rows via one bulk_create_chunk_jobs(specs) transaction: N specs ⇒ N rows in the same order, or 0 rows on any failure (never a partial set). A mid-loop failure rolls the whole batch back (the connection's commit is never called)."
INV-20,Re-drivable chunk publish (C5-b),job-introducer,NONE,[]P,AllChunksPublishedOrReDriven,LINEAR_PROPERTY,False,PROPERTY,web/chunking/test_pdf_chunk_boundaries_property.py,web/dispatch/queue.py::publish_chunks_bulk; web/dispatch/managed_queue.py::publish_chunks_bulk; web/dispatch/fanout_redrive.py::redrive_incomplete_fanout,"Re-drivable chunk publish (C5-b) — dispatch_chunk_jobs publishes ALL chunk specs through a bulk publish whose RETURN CONTRACT is a re-drivable missing-set: the exact specs with NO durable task after the call. The Redis plane satisfies it via one publish_chunks_bulk Lua EVAL (multi-ZADD + per-member ZSCORE-verify, the returned missing-set = the specs that failed the ZSCORE verify); the Cloud Run MANAGED plane satisfies the SAME contract via a re-drivable, idempotent per-chunk create keyed on the durable chunk-ROW set (name-dedup convergent) — the missing-set = the specs left un-enqueued, re-driven to complete BEFORE the parent enters WAITING. ⚠️ RE-ANCHORED (chunk-fanout-liveness-fix Phase 4 M1, REVISE-2): the pre-Epic predicate named a per-chunk publish LOOP impossible and was BLIND to the managed plane (satisfy_ref was Redis-only) — the exact model→as-built drift that let the live 3-chunk-stuck-at-1/3 stranding be declared impossible. The PARITY of the two impls' return contract is held at a parity CONTROL (a shared property test both pass; §G4 — UNIFY unaffordable: Redis Lua EVAL vs Cloud Tasks HTTP creates share the contract, not a body). Near-duplicate of INV-RC-5 (the Redis-comm-plane view of the SAME publish contract) — both intentionally retained + both re-anchored (F-A)."
INV-21,Chunk purge on every cleanup path (C5-c),server; job-completer,NONE,[]P,EveryCleanupPurgesChunks,LINEAR_PROPERTY,False,PROPERTY,web/test_chunk_purge_property.py,web/lifecycle/job_lifecycle.py::purge_parent_chunks_from_redis,"Chunk purge on every cleanup path (C5-c) — every parent-cleanup path (cancel, stale-sweep) purges the parent's chunks from ALL Redis queue structures via the canonical purge_parent_chunks_from_redis seam; CHECKING/AWAITING_CHECK chunks live in the quota-gate queues and are otherwise leaked. ⚠️ AS-BUILT (Phase-2 AUDIT, §G-4): the content-validation-fail path calls lifecycle.delete_chunks (DB rows + store blobs) but NOT purge_parent_chunks_from_redis — a DIVERGENT (complementary, not equivalent) contract → routed [FIX]+[LINT] (design §6 Q-C)."
INV-22,"strip-attribution precedes finalize, never on failed jobs (C5-d)",job-completer,NONE,[]P,StripPrecedesFinalizeOnSuccess,LINEAR_PROPERTY,False,PROPERTY,web/chunking/test_merge_finalize_completion_kwargs_seam.py,web/chunking/merge.py::_finalize_merge_output,"strip-attribution precedes finalize, never on failed jobs (C5-d) — in _finalize_merge_output, _strip_attribution_before_delivery runs BEFORE store.finalize_output, and only on non-failed jobs (a strip that flips status to FAILED short-circuits the finalize). Debug attribution never ships."
INV-23,"Content-fidelity gate: input ⊆ output (C5-e, C5-f)",job-completer,NONE,[]P,MergedOutputContentSupersetsInput,LINEAR_PROPERTY,False,PROPERTY,web/chunking/test_merge_content_validation_failure_seam.py,web/chunking/merge.py::_run_merge_validation_gates,"Content-fidelity gate: input ⊆ output (C5-e, C5-f) — the merged output passes the 3-gate sequence (integrity → openability → content-validator) IN ORDER before delivery; the content-validator enforces input content ⊆ output content. A fidelity failure drives _handle_content_validation_failure (purge + archive + fail-job — never silent-degrade, MISSION fidelity). CROSS-LANG (§G-3): the gate DECISION is Python (anchored here); the PREDICATE (input ⊆ output) is the C# ContentValidator.Validate — an ACCEPTED_UNMEASURED tail (claimed, not Python-measured) WITH a navigable C#-pointer in the ACCEPTED_UNMEASURED allowlist below."
INV-24,Per-pass fidelity marker surfaces + gates (C5-g),worker,NONE,[]P,PassFidelityMarkerParsedOrDegraded,LINEAR_PROPERTY,False,PROPERTY,web/test_genai_config_overrides.py,web/clisubprocess/markers.py::_PASS_FIDELITY_MARKER,"Per-pass fidelity marker surfaces + gates (C5-g) — the per-pass fidelity signal is a TYPED marker, not a magic string: ##PASS_FIDELITY##:{json} on CLI stderr is parsed via _PASS_FIDELITY_MARKER and routed by CLI_EXIT_PASS_FIDELITY in handle_cli_result; a malformed payload degrades attribution to 'unknown' rather than crashing (fail-loud-but-bounded). STAGING-only gate."
INV-C5X-1,PDF chunk-boundary tiling is a deterministic total closure (C5-EXTENSION split),job-introducer,NONE,[]P,ChunkBoundariesTileDocumentExactlyOnce,LINEAR_PROPERTY,False,PROPERTY,web/chunking/test_pdf_chunk_boundaries_property.py,web/chunking/split.py::compute_pdf_chunk_boundaries,"PDF chunk-boundary tiling is a deterministic total closure (C5-EXTENSION split) — compute_pdf_chunk_boundaries partitions [1..page_count] into contiguous, non-overlapping, gap-free pages_per_chunk-sized ranges whose union is the whole document (every page appears in exactly one chunk). The split stage that feeds work→finalize→merge; a boundary gap/overlap silently drops or double-processes pages. PURE (no I/O) — the tiling closure is the load-bearing invariant."
INV-C5X-2,Partial-completion COLUMN is source-of-truth; the envelope mirror is faithful (C5-EXTENSION finalize),job-completer,NONE,[]P,EnvelopeMirrorEqualsPartialColumn,LINEAR_PROPERTY,False,PROPERTY,web/chunking/test_partial_completion_property.py,web/chunking/finalize.py::_persist_partial_completion_count; web/chunking/finalize.py::_compute_partial_count_for_envelope,"Partial-completion COLUMN is source-of-truth; the envelope mirror is faithful (C5-EXTENSION finalize) — _persist_partial_completion_count writes the partial_completion_count COLUMN (the SoT, architect §7 Q2/Q5 Option B) as images_failed + font_not_avail + font_failed; _compute_partial_count_for_envelope derives the envelope MIRROR from the SAME three buckets, so the customer-facing 3-state 'partial' signal never diverges from the durable column. Fragmentation is a SEPARATE column in both (not folded). VERIFIED CONSISTENT (brief bug-watch): column writer ≡ envelope mirror on partial_completion_count — no lost-state drift."
INV-C5X-3,Chunk-eligibility decision is pure + hot-config-safe; downsample dispatch is decision-gated (C5-EXTENSION decision),worker,NONE,[]P,ChunkDecisionPureAndHotConfigSafe,LINEAR_PROPERTY,False,PROPERTY,web/chunking/test_decision_doc_derived.py,web/chunking/decision.py::classify_chunk_eligibility; web/chunking/decision.py::_maybe_run_downsample,"Chunk-eligibility decision is pure + hot-config-safe; downsample dispatch is decision-gated (C5-EXTENSION decision) — classify_chunk_eligibility is a PURE function of (input_size_mb, page_count, size_threshold, page_threshold) → ChunkTrigger, with NO I/O or config read; the threshold accessors get_{size,page}_chunk_threshold* read runtime_config.current() at CALL time so a POST /api/admin/config flip takes effect on the NEXT job without drifting an in-flight decision. _maybe_run_downsample is the coordinator entry gated on that decision. VERIFIED (brief bug-watch): no threshold-drift — the live-config read is per-call."
INV-C6-2,Dynamic chunk-threshold probe is bounded + fail-safe (F1-fix contract),worker,NONE,[]P,"Threshold in [MIN,MAX] && ProbeFailure => Default",LINEAR_PROPERTY,False,PROPERTY,web/test_pipeline_dynamic_chunk_threshold.py,web/clisubprocess/telemetry.py::get_dynamic_chunk_threshold; web/clisubprocess/__init__.py::get_dynamic_chunk_threshold,"Dynamic chunk-threshold probe is bounded + fail-safe (F1-fix contract) — get_dynamic_chunk_threshold reads the live GenAI-service /v1/capacity utilization at CALL time (via the typed ServiceClient seam) and returns a threshold CLAMPED to [CHUNK_THRESHOLD_MIN, CHUNK_THRESHOLD_MAX]: idle -> chunk aggressively, busy -> larger chunks. EVERY failure edge (no GENAI_SERVICE_URL, non-ok response, ValidationError, any Exception) returns the caller's `default` — the probe is best-effort (chunk tuning is non-essential; the default is always safe), so a capacity-probe failure NEVER crashes the job. DISTINCT from INV-C5X-3's decision.py classify_chunk_eligibility (the PURE force-chunk classifier that CONSUMES a threshold value); this is the live-capacity probe that PRODUCES the tuned value."
INV-C6-3,CLI-subprocess argv-BUILD goes through the typed AdaToolInvoker chokepoint (rule #52 typed-invoker),worker,NONE,[]P,CliArgvBuiltViaTypedInvoker && FormatMapTotal,LINEAR_PROPERTY,False,PROPERTY,web/test_clisubprocess_command_p8_seam.py,web/clisubprocess/command.py::_build_cli_command; web/clisubprocess/command.py::_append_sm_prefs_flags,"CLI-subprocess argv-BUILD goes through the typed AdaToolInvoker chokepoint (rule #52 typed-invoker) — _build_cli_command assembles the remediate/check/analyze argv via AdaToolInvoker.resolved().remediate(...), NEVER a hand-built list, so a per-format flag set cannot silently drift; the format->command mapping is TOTAL (lookup_format raises ValueError on an unsupported ext — rule #14 no silent fall-through). This is the argv-BUILD complement to C2's INV-C2-4 (handle_cli_result — the exit-code DECODE side): C2 anchored the RESULT/marker end of the CLI-subprocess seam, this anchors the COMMAND end. The re-exported private argv helpers (_append_sm_prefs_flags / _maybe_append_audience_level / _maybe_write_user_context_tempfile) live canonically in command.py (P8 anti-shim: pipeline.py no longer carries them — A.7)."
INV-C6-4,CLI-subprocess drive-side observability + trace provenance,worker,NONE,[]P,SummaryLinesForwarded && TraceArtifactPersisted,LINEAR_PROPERTY,False,PROPERTY,web/test_clisubprocess_runner_doc_derived.py,web/clisubprocess/runner.py::forward_cli_summary_lines; web/clisubprocess/runner.py::persist_trace_artifact,"CLI-subprocess drive-side observability + trace provenance — forward_cli_summary_lines relays the child CLI's ##SUMMARY## lines to the worker log (the diagnosability leg — rule #53), and persist_trace_artifact durably persists the per-job GenAI trace directory as a job artifact (the provenance leg). The process-DRIVE complement to C2's RESULT-decode (handle_cli_result) and INV-C6-3's argv-BUILD (command.py): the three together model the full CLI-subprocess seam (BUILD argv -> DRIVE/stream -> DECODE result). cluster-5 [AUDIT] handoff (phase-3-remeasure §4 assigned the test to cluster-5; the runner residue is the CLI-subprocess family, cluster-6)."
INV-OBS-1,Fleet-concurrency display sourcing,admin-dashboard,NONE,[]P,FleetConcurrencyFigureFromAimdActive && NotFromPerJobFanoutCapAggregate,LINEAR_PROPERTY,False,PROPERTY,system-models/test_fleet_obs_invariants.py,web/persistence/analytics.py::AnalyticsRecord; web/persistence/analytics.py::get_analytics_summary; web/persistence/population_contract.py::genai_worker_fanout_cap; services/genai-service/aimd.py::AimdLimiter,"Fleet-concurrency display sourcing — the admin-dashboard fleet-concurrency figure is sourced from the per-vendor Redis AIMD `active` gauge (the authoritative cross-worker in-flight GenAI-request count), NEVER from the per-job `genai_worker_fanout_cap` column or its MAX aggregate. That per-job column is a CONFIG ECHO (the worker's fixed C4 fan-out cap), structurally blind to cross-worker fleet overlap; re-aggregating it and presenting it as an observed fleet metric is exactly the bug this Epic corrected. The Phase-2 relabel confined the aggregate to the honest `max_worker_fanout_cap_configured` key (config echo, never a fleet peak); INV-OBS-1 posture A pins that it STAYS honest — the proof-of-fire NEGATIVE test goes RED if a future edit re-sources the fleet figure from the per-job column (e.g. re-aliasing the MAX aggregate back to a `*concurrency_current` fleet-observation name)."
INV-OBS-2,Fleet-signal / state-view DECOUPLING + reconciliation bound (Q2 LINEAR modelling),worker,NONE,[]P,AimdActiveUnitRequests_decoupled_from_SMInFlightChunks && ReconciliationBoundHolds,LINEAR_PROPERTY,False,PROPERTY,system-models/test_fleet_obs_invariants.py,services/genai-service/aimd.py::AimdLimiter; web/pipeline.py::JobStateMachine,"Fleet-signal / state-view DECOUPLING + reconciliation bound (Q2 LINEAR modelling) — the AIMD `active` fleet signal (unit: in-flight GenAI *requests*) and the JobStateMachine in-flight view (unit: *chunks*) are DECOUPLED: no pipeline transition cross-reads AIMD / capacity (phase-1b §D confirmed pipeline.py reads neither in any transition), so the two counters cannot double-count. The reconciliation bound `active_v <= (in-flight chunks) * C4 <= C3 * C4` and `active_v <= ceiling_v` holds, decoupling the request-unit fleet signal from the chunk-unit state view. Modelled as a LINEAR decoupling ASSERTION (single worker lane, coord=NONE), NOT the N-worker concurrent-acquire envelope race: the envelope-safety leg (`active_v` never exceeds `ceiling_v` under N parallel try_acquire) is the AIMD limiter's OWN safety property, owned + exercised by services/genai-service/test_aimd_property.py + test_aimd_storm_debounce.py — CITED, NOT re-homed here (re-homing would derive SAFETY_BFS and spuriously mandate a redundant simworld; Q2 ruling)."
INV-PS-1,Credit debit-once CAS + consume⇒ledger fidelity (money conservation),quota-gate; worker,SQL_CAS,[]P,AtMostOneDebitPerCoveredBalanceAndLedgerPaired,SAFETY_BFS,True,SIMWORLD; PROPERTY,web/test_simworld/test_invps1_credit_cas.py; web/persistence/test_billing_doc_derived.py,web/persistence/billing.py::consume_group_credits; web/persistence/billing.py::grant_group_credits,"Credit debit-once CAS + consume⇒ledger fidelity (money conservation) — the consume_group_credits atomic decrement (UPDATE groups SET credit_balance = credit_balance - %s WHERE id = %s AND credit_balance >= %s RETURNING) admits AT MOST ONE debit per coverable balance across N concurrent consumers (a losing racer sees row is None → False, no double-spend), AND every committed decrement pairs with exactly one matching-sign credit_ledger_v2 row in the SAME txn (a committed decrement with no ledger row — the torn CAS-then-ledger sink — is unreachable). The money-path analogue of C1's INV-P2 (CAS + dependent mirror), and a DISTINCT CAS site from INV-14's upstream jobs-row quota credit-fence (INV-14 prevents double-INVOKING the consume; INV-PS-1 prevents concurrent consumes double-SPENDING the balance) — genuinely warranted, not redundant."
INV-PS-3,Sidecar upsert idempotency (converge),server; worker,NONE,[]P,RepeatedUpsertConverges,LINEAR_PROPERTY,False,PROPERTY; PROPERTY; PROPERTY; PROPERTY,web/persistence/test_cold_start_attribution_coverage.py; web/persistence/test_document_telemetry_coverage.py; web/persistence/test_users_doc_derived.py; web/persistence/test_config_overrides_doc_derived.py,web/persistence/cold_start_attribution.py::insert_cold_start_attribution_wake; web/persistence/document_telemetry.py::record_document_telemetry; web/persistence/users.py::upsert_user_oauth; web/persistence/config_overrides.py::set_config_override,"Sidecar upsert idempotency (converge) — the idempotent-write sidecar seams re-apply a logical write as a no-op-equivalent (converge to the same row state, never a duplicate row or a lost update): cold_start/document_telemetry/config_overrides via a single-statement ON CONFLICT (<key>) DO UPDATE, and upsert_user_oauth via a read-then-branch (SELECT → UPDATE-existing / INSERT-new) that is idempotent on the email key. A retry / re-delivery of the same write converges — C1's idempotency contract applied to the sidecar upserts."
INV-PS-4,Analytics is DB-authoritative append (the store-split),server; worker,NONE,[]P,AnalyticsWritesTargetPostgres,LINEAR_PROPERTY,False,PROPERTY,web/persistence/test_analytics_doc_derived.py,web/persistence/analytics.py::record_analytics; web/persistence/analytics.py::record_daily_job; web/persistence/analytics.py::log_activity,"Analytics is DB-authoritative append (the store-split) — every analytics/activity/telemetry write (record_analytics / record_daily_job / log_activity) targets Postgres as the authoritative store; none treats a Redis value as truth. A failed analytics write is best-effort (fire-and-forget) and never blocks the request path — C1's INV-P1 store-split applied to the analytics sidecar. DISTINCT from INV-P1 (which anchors only jobs.py::update_job) — anchors the analytics WRITERS (G-Q4 KEEP distinct, ratified)."
INV-PS-5,Persistence layer issues NO Redis cleanup (the layering invariant),server,NONE,[]P,PersistenceLayerIssuesNoRedisOps,LINEAR_PROPERTY,False,PROPERTY,web/persistence/test_lifecycle_doc_derived.py,web/persistence/lifecycle.py::sweep_stale_active_jobs; web/persistence/lifecycle.py::expire_stale_queued_jobs; web/persistence/lifecycle.py::expire_stale_checking_jobs,Persistence layer issues NO Redis cleanup (the layering invariant) — the lifecycle.py sweep/expire seams (sweep_stale_active_jobs / expire_stale_queued_jobs / expire_stale_checking_jobs) update DB rows ONLY and return ids for the CALLER (background.py) to Redis-clean; they never call remove_from_all_queues / purge_parent_chunks_from_redis. Inverting this would break the DB-persistence-layer-is-Redis-unaware layering the 4 explicit noqa: cancel-uses-remove-all-queues cites protect — an A.24 invariant-living-only-in-prose (the noqa comment) encoded as a structural test.
INV-PS-6,SQL-interpolation floor: every dynamic SQL fragment is enum/allowlist-bounded,server; worker,NONE,[]P,EveryDynamicFragmentIsBounded,LINEAR_PROPERTY,False,PROPERTY; PROPERTY,web/persistence/test_analytics_reporting.py; web/persistence/test_document_telemetry_coverage.py,web/persistence/analytics_reporting.py::_apply_source; web/persistence/document_telemetry.py::record_document_telemetry,"SQL-interpolation floor: every dynamic SQL fragment is enum/allowlist-bounded — analytics_reporting._apply_source appends the analytics source filter ONLY as a parametrized .where(Analytics.source == source.value) bound by the AnalyticsSource enum (portable-db Phase 7 STRENGTHENED the former sql_with_source {src}-marker string-interpolation into a Core parametrized bind — injection now structurally impossible AND no interpolation at all), and document_telemetry.record_document_telemetry builds its dynamic column list ONLY from _DOCUMENT_TELEMETRY_COUNTER_COLUMNS (unknown columns skipped, never interpolated). No user string ever reaches the interpolation — C1's INV-P6 column-allowlist floor generalized to the sidecar SQL-composition seams. POSITIVE finding: the enum-bound is the best-in-class model (arch-4); the runtime-allowlist is sound but weaker — future SQL-composition seams should adopt the enum bound."
INV-PS-7,Read-model reads Postgres for authoritative counts,server,NONE,[]P,AuthoritativeCountsFromPostgres,LINEAR_PROPERTY,False,PROPERTY,web/persistence/test_lifecycle_doc_derived.py,web/persistence/queue_status.py::count_by_status; web/persistence/queue_status.py::queue_depth; web/persistence/queue_status.py::get_active_processing_job_ids,"Read-model reads Postgres for authoritative counts — queue_status.py's read projection (count_by_status / queue_depth / get_active_processing_job_ids) computes its counts from the authoritative Postgres jobs/chunks rows, never from a Redis queue-depth counter (Redis counters are the ephemeral rebuildable scaling SIGNAL, not the correctness truth — C1 INV-P1). The READ side of the store-split; DISTINCT from INV-P1 (G-Q4 KEEP distinct, ratified)."
INV-PS-8,Sidecar rows carry typed ids (typed-id integrity),server; worker,NONE,[]P,SidecarIdsAreTyped,LINEAR_PROPERTY,False,PROPERTY; PROPERTY; PROPERTY,web/persistence/test_users_doc_derived.py; web/persistence/test_debug_failures_corr_cause_columns.py; web/persistence/test__typed_ids_doc_derived.py,web/persistence/users.py::create_session; web/persistence/debug_failures.py::record_debug_failure,"Sidecar rows carry typed ids (typed-id integrity) — every sidecar durable-row identity is a typed NewType (JobId / UserId / SessionId / GroupId), never a bare str at the seam boundary, so a wrong-id-kind write is a pyright-strict type error, not a silent cross-table row corruption. C1's typed-id contract applied to the sidecar write signatures (create_session(user_id: UserId) -> SessionId; record_debug_failure(job_id: JobId, ...))."
INV-AV-1,ContentValidator verdict is fail-CLOSED (hard-gate decision purity),worker,NONE,[]P,ContentValidatorVerdictFailsClosed,LINEAR_PROPERTY,False,PROPERTY,web/test_outputcheck_validate_doc_derived.py,web/outputcheck/validate.py::_interpret_cli_validate_result; web/outputcheck/validate.py::run_content_validator,"ContentValidator verdict is fail-CLOSED (hard-gate decision purity) — _interpret_cli_validate_result maps EVERY input to ok=False UNLESS returncode==0 OR (returncode==1 AND stdout parses as a JSON list of wire-valid ContentValidationViolation): unparseable JSON → ok=False (PARSE_ERROR), non-array → ok=False (NON_ARRAY), exit >= 2 → ok=False (UNEXPECTED_EXIT); a wire-schema-invalid element is REPLACED by a validator-error, never silently dropped. There is NO input for which a content-loss / validator-malfunction produces ok=True — the 'wrong remediation is worse than a slow one' mission axis made mechanical. (Phase-1b §1: CORRECT — pure fn, single lane, no coord primitive; validate.py:800 DEFAULTS ok=False.)"
INV-AV-2,The content-fidelity gate REACHES the canonical seam on every completing path (reach-completeness,worker,NONE,[]P,FidelityGateReachesCanonicalSeamOrDeclaredException,LINEAR_PROPERTY,False,PROPERTY,web/chunking/test_merge_doc_derived.py,web/chunking/merge.py::_coordinate_merge; web/worker.py::_validate_chunk_output,"The content-fidelity gate REACHES the canonical seam on every completing path (reach-completeness — the C5 incomplete-composition invariant applied to this cluster). Every path that transitions a parent job to COMPLETED with a merged output either (a) invokes run_content_validator(input, output) and acts on its verdict, OR (b) is on a DECLARED exception (the input-path-unavailable branch, chunking/merge.py:2231, a warn-and-skip). No completing path reaches only the integrity check (validate_output_integrity) while silently skipping the fidelity gate. EXPLOITABILITY (Phase-1b §2, RESOLVED): not-exploitable on a healthy job — no pre-merge input-deletion path exists (GcsJobStore persists jobs/{parent}/input.* durably; cleanup_job never deletes the GCS input blob; the completer is idempotent on an already-completed parent via PURGED_AFTER_COMPLETE), so falsy-at-merge ⟺ an already-anomalous storage state where fail is the only alternative anyway — a declared exception, LOW severity. Optional fail-closed hardening [FIX] floated (defense-in-depth), NOT mandatory."
INV-AV-3,Output-integrity classification is fail-closed per format (corruption-gate purity),worker,NONE,[]P,IntegrityClassificationFailsClosedPerFormat,LINEAR_PROPERTY,False,PROPERTY,web/test_outputcheck_validate_doc_derived.py,web/outputcheck/validate.py::_classify_integrity; web/outputcheck/validate.py::validate_output_integrity,"Output-integrity classification is fail-closed per format (corruption-gate purity) — _classify_integrity(ext, facts) returns ok=False for a ZIP with a CRC error OR a missing required root entry ([Content_Types].xml etc.), and for a PDF whose header is not %PDF OR whose CLI parse failed; it returns ok=True ONLY on a clean structural check (or an UNKNOWN_FORMAT skip). A corrupt output NEVER classifies OK for a known format. (Phase-1b §1: CORRECT — a small closed pure fn over (ext, facts).)"
INV-AV-4,Advisory validation NEVER fails a job (the advisory-vs-hard-gate boundary) — no code path inside web/a11yvalidate/* transitions a job to FAILED.,worker,NONE,[]P,AdvisoryValidationNeverFailsAJob,LINEAR_PROPERTY,False,PROPERTY,web/a11yvalidate/test_batch_accumulator_doc_derived.py,web/a11yvalidate/validate.py::_run_a11y_validation; web/a11yvalidate/rendered_fidelity.py::_run_rendered_fidelity_check; tools/lint/lint-a11yvalidate-canonical.py::_check_advisory_rollup; web/a11yvalidate/render.py::_render_a11y_page_images,"Advisory validation NEVER fails a job (the advisory-vs-hard-gate boundary) — no code path inside web/a11yvalidate/* transitions a job to FAILED. The accessibility judge and the SSIM rendered-fidelity check are advisory-only (they write jobs.report.* rollups, never status=FAILED); _run_rendered_fidelity_check returns None on every disabled/unreachable/error branch and NEVER raises past the caller; _run_a11y_validation returns a typed outcome, never a job-failure. This is the single most product-load-bearing semantic of the cluster (a wrong flattening lies about failure behavior — §1a). The model DECLARES the failure-semantics boundary (G-Q1 RATIFIED first-class INV); the existing lint-a11yvalidate-canonical.py (bans db.update_job(status=FAILED) in the subpackage) POLICES re-introduction — architecture + control, A.21/A.22 defense-in-depth."
INV-AV-5,Editor round-trip is a durable EditorRoundTripState lifecycle (IR_FETCHED → EDIT_APPLIED → RECHECKED → SAVED) with a canonical_hash SAVE-FENCE,server,NONE,[]P,EditorSaveIsCanonicalHashFencedAndFaithful,LINEAR_PROPERTY,False,PROPERTY,web/test_routes_editor_doc_derived.py,web/api/routes_editor.py::_run_editor_save; web/outputcheck/doc_edit_service.py::canonical_hash; web/outputcheck/doc_edit_service.py::apply_editor_edit; web/outputcheck/doc_edit_service.py::read_editor_ir; web/outputcheck/editor_recheck.py::run_editor_recheck,"Editor round-trip is a durable EditorRoundTripState lifecycle (IR_FETCHED → EDIT_APPLIED → RECHECKED → SAVED) with a canonical_hash SAVE-FENCE — the STATE-MACHINE model the Phase-1b review forced (§3 G-Q3, reviewer WINS). The round-trip carries DURABLE cross-request state: an editor-oplog.jsonl oplog (accumulates edit intent across requests), a persisted output.editor-edited.pdf GCS variant, and canonical_hash (the save-idempotence seed). The SAVE transition (_run_editor_save's trial-apply→append_oplog→CheckpointDeriver.publish) carries a version fence: the base it edited still matches the persisted checkpoint generation (if_generation_match CAS), fail-loud / recompute-on-412 otherwise. ✅ AS-BUILT (A.18): the fence is NOW PRESENT — Option-B B-2 (editor-download-edit-loss-repro-260904) made the checkpoint a pure DERIVED CACHE of the oplog: every save full-replays dedup(oplog) onto the pristine output and publishes under a generation-guarded CAS-or-recompute loop, so two concurrent editor edits CONVERGE (no lost-update, no last-write-wins clobber) — closing the prior UNFENCED reads-original-base race this invariant pinned. The round-trip ALSO fails LOUD on transport errors (apply_editor_edit raises DocEditServiceError on non-2xx/missing-body, never silently returns unedited bytes) and the recheck leg re-validates the EDITED bytes, never the pre-edit bytes."
INV-AV-6,The A11yBatchAccumulator converges under concurrent judge callers (the HAIRY row → SAFETY_BFS).,judge_caller_a; judge_caller_b,INPROC_FLUSH_RACE,[]P,BatchAccumulatorNoLostEntryNoDoubleFlush,SAFETY_BFS,True,SIMWORLD; PROPERTY,web/test_simworld/test_invav6_batch_flush_race.py::test_invav6_guards_hold_no_lost_entry_no_double_flush_no_lost_wakeup; web/a11yvalidate/test_batch_accumulator_doc_derived.py,web/a11yvalidate/batch.py::A11yBatchAccumulator; web/a11yvalidate/batch.py::_a11y_batch_flush_fn,"The A11yBatchAccumulator converges under concurrent judge callers (the HAIRY row → SAFETY_BFS). The accumulator — a threading.Lock-guarded shared _buckets/_timers structure that N concurrent judge callers append into, each blocking on a per-entry threading.Event, flushed by EITHER a size-trigger (len(bucket) >= batch_size) OR a threading.Timer — admits NO lost entry and NO double-flush: every enqueued entry is flushed exactly once and its waiting caller is signaled exactly once, whether the flush fires by size or by timer, and the size-trigger racing the timer never double-processes a bucket nor strands a caller's Event unset. (Phase-1b §1: CORRECT at SAFETY_BFS — genuine in-process concurrency, batch.py:114-161.)"
INV-RC-1,"Metric-consistency: every total-depth queue metric reads ALL active queue structures FOR ITS SCOPE (the arch-rule, encoded)",server; worker,NONE,[]P,EveryTotalDepthMetricReadsAllActiveQueueStructuresForItsScope,LINEAR_PROPERTY,False,PROPERTY,web/dispatch/test_metrics_reconcile_characterization.py,web/dispatch/queue.py::queue_depth; web/dispatch/schema.py::SizeStratifiedJobQueues,"Metric-consistency: every total-depth queue metric reads ALL active queue structures FOR ITS SCOPE (the arch-rule, encoded) — any function whose result is a 'total queue depth' / 'aggregate demand' signal reads EVERY structure in the active-queue set for its DECISION-scope: the MAIN_QUEUE read (RedisQueue.queue_depth, the metrics:queue_depth rebuild source) reads 4 buckets + chunks (quota-gate deliberately excluded to match the counter's incr scope). A reader that reads a strict SUBSET of its scope's active structures is the silent-under-report the CLAUDE.md arch-rule forbids (the historical LIST→sorted-sets migration that left the scaler reading only the chunks ZSET). ⚠️ AS-BUILT: the metrics:queue_depth STRING counter drifts high (chunk publishes incr it at queue.py:442/499 but chunk pops never decr it; the sole decr, job_introducer.py, fires on parent-claim only) — bounded by sync_from_db rebuilds; the divergence is ALREADY known/worked-around at admin_dashboard.py (a WHY-comment routes the KPI around the counter), leaving only /api/admin/stats served-raw. That is a separately-tagged product [FIX] (Phase-1b §7), NOT this row (this row encodes the SUBSET-read completeness contract, a DISTINCT class from the incr/decr asymmetry)."
INV-RC-2,Schema is the sole raw-Redis key registry (the boundary invariant),dispatch; worker; server,NONE,[]P,AllRedisKeysDeclaredInSchema,LINEAR_PROPERTY,False,PROPERTY,tools/lint/lint-web-dispatch-boundary.py,web/dispatch/schema.py; web/dispatch/__init__.py; web/dispatch/_typed_ids.py::RedisKey,"Schema is the sole raw-Redis key registry (the boundary invariant) — every Redis key any component writes/reads is DECLARED in web/dispatch/schema.py (a schema class or key-builder), and only the dispatch/ package constructs raw Redis clients / issues raw ZSET/Lua ops. A key literal assembled outside the schema (bypassing the RedisKey factory) is a violation. This row ANCHORS the EXISTING lint-web-dispatch-boundary.py into the queryable model so 'how is the raw-Redis boundary enforced?' is answerable from the model (a how-is-this-enforced answer + drift guard), not new verification."
INV-RC-3,"'Redis for communication, DB for truth'",worker; job-completer; server,NONE,[]P,RedisIsSignalNotTruth,LINEAR_PROPERTY,False,PROPERTY,web/dispatch/test_metrics_doc_derived.py,web/dispatch/metrics.py::set_parent_progress; web/dispatch/metrics.py::clear_job_progress; web/dispatch/schema.py::JobProgress,"'Redis for communication, DB for truth' — live/ephemeral signals (queue depth, dispatch queues, progress percent, heartbeats, running metrics) live in Redis; durable state (jobs, accounts, billing) lives in Postgres. No component treats a Redis value as the authoritative durable truth; Redis loss DEGRADES signals, never CORRUPTS durable state. Terminal progress is archived to jobs.percent_done at COMPLETED (the TTL'd progress HASH is self-cleaning if a job terminates without explicit cleanup). The REDIS side of the store-split C1's INV-P1 anchors on the DB side."
INV-RC-4,Cancellation removes a job from ALL queue structures (the completeness invariant),server; worker,NONE,[]P,CancelRemovesFromEveryQueueStructure,LINEAR_PROPERTY,False,PROPERTY,web/dispatch/test_remove_from_all_queues_characterization.py,web/dispatch/queue.py::remove_from_all_queues; web/dispatch/schema.py::SizeStratifiedJobQueues; web/dispatch/schema.py::InFlightLease,"Cancellation removes a job from ALL queue structures (the completeness invariant) — remove_from_all_queues(job_id) removes the job from EVERY structure it could be in (4 size buckets + chunks + processing + 2 quota-gate LISTs + the in-flight lease) so a cancelled job is never popped by a worker and never pins a warm worker via a lingering lease. Missing ANY structure leaves a dangling entry (the CHECKING/AWAITING_CHECK class the quota-gate LISTs cover — CLAUDE.md's cancellation-requires-Redis-cleanup rule). The QueueDepthScope.CANCEL_COMPLETENESS scope — walks the SAME active-queue structure set INV-RC-1 enumerates (Phase-1b §5 DRY: one canonical enumeration, two invariants read it)."
INV-RC-5,Chunk creation is bulk-atomic; chunk publish is re-drivable to completeness,server,LUA_ATOMIC,[]P,ChunkPublishIsBulkAtomic,LINEAR_PROPERTY,False,PROPERTY,web/chunking/test_pdf_chunk_boundaries_property.py,web/dispatch/queue.py::publish_chunks_bulk; shared/lua/publish_chunks_bulk_lua.lua; web/dispatch/managed_queue.py::publish_chunks_bulk; web/dispatch/fanout_redrive.py::redrive_incomplete_fanout,"Chunk creation is bulk-atomic; chunk publish is re-drivable to completeness — production chunk-row creation goes through db.bulk_create_chunk_jobs(list[ChunkJobSpec]) (one atomic transaction, INV-19) and publish through publish_chunks_bulk. On the Redis plane the publish is a single Lua EVAL (ZADD-N-then-verify, atomic WITHIN one publish); on the Cloud Run MANAGED plane the publish is an idempotent per-chunk create whose COMPLETENESS is restored by a re-drive keyed on the durable chunk-ROW set (name-dedup convergent). The load-bearing property is COMPLETENESS-eventually (no chunk spec is permanently un-enqueued), NOT 'never a per-chunk loop'. ⚠️ RE-ANCHORED (chunk-fanout-liveness-fix Phase 4 M1, REVISE-2 / F-A): the pre-Epic predicate literally named the managed per-chunk-loop partial-fanout hazard IMPOSSIBLE ('no per-chunk publish loop in a production path … a crash mid-loop leaves N published and M unpublished with no atomic boundary') and was BLIND to the managed plane (Redis-only satisfy_refs) — the SECOND invariant carrying the identical blindness as INV-20 (the Redis-comm-plane VIEW of the SAME publish contract). Both are intentionally retained (distinct model VIEWS) + both re-anchored to cover the managed plane. Reconciles with the CLAUDE.md 'Chunk creation + publish are bulk-atomic' architecture bullet."
INV-RC-6,Progress writes are Lua-atomic monotonic (percent never regresses under concurrent chunk-worker aggregation),worker; chunk-worker,LUA_MONOTONIC,[]P,ProgressMonotonicUnderConcurrentChunkWrites,SAFETY_BFS,True,SIMWORLD; PROPERTY,web/test_simworld/test_invrc6_progress_cas.py; web/dispatch/test_metrics_reconcile_characterization.py,web/dispatch/metrics.py::set_parent_progress; web/dispatch/metrics.py::aggregate_parent_from_chunks; web/dispatch/metrics.py::_normalize_stage,"Progress writes are Lua-atomic monotonic (percent never regresses under concurrent chunk-worker aggregation) — every progress-HASH write (set_parent_progress / set_chunk_progress) is a Lua-atomic compare-and-set that only ADVANCES pct (a later tick reporting a LOWER pct is a no-op) and normalizes stage_detail through the closed ProgressStage set (_normalize_stage). N chunk workers write into their parent's aggregate: aggregate_parent_from_chunks reads sibling chunk HASHes via a NON-transactional pipeline, computes the weighted average in Python, THEN calls the CAS — the read-compute-write spans three steps across ≥2 lanes, so the race is NOT contained in one EVAL. A raw HGETALL-then-HSET without the CAS would let a stale tick regress the bar; the SimWorld must prove the COMPOSITION (monotonic-CAS + phase-floor UP-clamp + stale-sibling aggregate) holds under ALL interleavings (Phase-1b §3)."
INV-RC-7,"'processing' is DERIVED from llen(PROCESSING_KEY), never a rival counter",server; worker,NONE,[]P,ProcessingIsLlenDerivedNotACounter,LINEAR_PROPERTY,False,PROPERTY,tools/lint/lint-no-raw-processing-counter.py,web/dispatch/queue.py::processing_count; web/dispatch/queue.py::ack_job; web/dispatch/schema.py::Metrics,"'processing' is DERIVED from llen(PROCESSING_KEY), never a rival counter — the in-flight count is ALWAYS llen(ProcessingQueue.KEY) (the reservation LIST), never a maintained STRING counter. A LIST length is structurally >= 0 (the LREM-idempotent contract); a mirror counter drifts NEGATIVE under uncoordinated decrements (the historical -7/-9 staging bug). Re-introducing a metrics:processing counter is the violation. This row ANCHORS the EXISTING lint-no-raw-processing-counter.py into the model — the deliberate ABSENCE of a Metrics.PROCESSING member made a queryable, drift-guarded invariant."
INV-RC-8,Redis keys carry typed ids (typed-id integrity),dispatch,NONE,[]P,RedisKeysCarryTypedIds,LINEAR_PROPERTY,False,PROPERTY,web/dispatch/test__typed_ids_doc_derived.py,web/dispatch/_typed_ids.py::RedisKey; web/dispatch/schema.py::JobMeta; web/dispatch/schema.py::JobProgress,"Redis keys carry typed ids (typed-id integrity) — every schema key-builder returns RedisKey (assembled with config.REDIS_PREFIX); every job/chunk-scoped key-builder takes a JobId / ChunkId; metrics functions accept the typed vocabulary (WorkerPid, CounterName, A11yOutcome, ProgressStage). A key assembled from a raw str that skipped the RedisKey factory (wrong/absent prefix → cross-env key collision) is the violation. This row ANCHORS the pyright-strict gate + the existing typed-id DDT into the model."
INV-COST-1,Parent-rollup cost conservation,worker,NONE,[]P,ParentCostUsd == Sum(ChunkCostUsd),LINEAR_PROPERTY,False,PROPERTY,web/test_chunked_parent_analytics_rollup.py,web/costrollup/__init__.py::persist_parent_cost_from_chunks; web/costrollup/__init__.py::aggregate_chunk_token_usage,"Parent-rollup cost conservation — a chunked parent's jobs.cost_usd EQUALS the SUM of its chunk rows' cost_usd (persist_parent_cost_from_chunks, called once at _coordinate_merge finalize). Rollup is a single sequential fold over the chunk rows; every chunk that ran the CLI (even a FAILED/partial chunk) contributes its accumulated cost (partial-completion IS billed). No chunk is double-counted (each chunk row read once) and none is dropped (a NULL cost row contributes 0, still counted as a contributor for tokens)."
INV-COST-2,"Per-model spend conservation (SPEND-6) — for any job, SUM(job_model_costs.cost_usd) EQUALS jobs.cost_usd.",worker,NONE,[]P,Sum(JobModelCostUsd) == JobCostUsd,LINEAR_PROPERTY,False,PROPERTY,web/costrollup/test_persist_unit.py,web/costrollup/__init__.py::persist_job_cost_usd,"Per-model spend conservation (SPEND-6) — for any job, SUM(job_model_costs.cost_usd) EQUALS jobs.cost_usd. persist_job_cost_usd writes the aggregate jobs.cost_usd AND the per-model breakdown rows from the SAME ##TOKEN_USAGE## marker (both priced by the single genai-pricing.json spine, computed C#-side), so the breakdown can never diverge from the aggregate. An empty per_model list is a GenAI-free / legacy-CLI no-op (0 == 0 holds)."
INV-COST-3,SpendReader never-false-zero (SPEND-3),web,NONE,[]P,EmptyRange => EmptyRollupList,LINEAR_PROPERTY,False,PROPERTY,web/test_spend_reader_unit.py,web/spend_reader.py::SpendReader; web/_spend_types.py::SpendSource,"SpendReader never-false-zero (SPEND-3) — a spend read over an empty range returns an EMPTY list (rendered as SpendSource.NONE / 'no data'), NEVER a fabricated $0.00 row. SpendReader is the SOLE durable read seam (SPEND-1): it SUMs already-priced usd from Postgres and never computes a rate. A DB error degrades to [] (logged by the persistence _with_retry — not a silent catch, A.14), so the admin panel labels 'no data' rather than lying."
INV-COST-4,Debit-once (NEW-GAP-4) — convert_reservation_to_debit debits a job's reservation AT MOST ONCE across concurrent + redelivered deliveries.,web; worker,SQL_CAS,[]P,ConvertDeliveredNTimes => DebitedAtMostOnce,SAFETY_BFS,True,SIMWORLD,web/test_simworld/test_money_path_model_check.py,web/billing/ledger.py::convert_reservation_to_debit; web/jobtypes/enums.py::JobStatus,Debit-once (NEW-GAP-4) — convert_reservation_to_debit debits a job's reservation AT MOST ONCE across concurrent + redelivered deliveries. The fence is the clear_job_reservation SQL CAS (UPDATE jobs SET reserved_credits=0 ... WHERE id=%s AND reserved_credits>0 RETURNING ...): the FIRST convert clears the row and debits the group balance + writes ONE ledger row; every redelivered/concurrent convert finds reserved_credits already 0 (0 rows RETURNED) → debits NOTHING. Debit-once by job-id — the double-charge class an AT-LEAST-ONCE queue bridge introduces.
INV-COST-5,Cancel-once terminal-consistency (NEW-GAP-3),web; worker,SQL_CAS,[]P,CancelDeliveredNTimes => CancelSideEffectsFireAtMostOnce,SAFETY_BFS,True,SIMWORLD,web/test_simworld/test_p1_cancel_fail_model_check.py,web/lifecycle/job_lifecycle.py::JobLifecycle,Cancel-once terminal-consistency (NEW-GAP-3) — JobLifecycle.cancel CASes the terminal write on the status the caller READ (UPDATE jobs SET status='cancelled' ... WHERE id=%s AND status=%s). A concurrent/redelivered cancel that loses the race sees rows==0 → idempotent no-op (runs NO side effects). Exactly ONE caller fires the reservation-release + Redis/chunk purge; a CANCELLED row never carries a FAILED side-effect bundle (cancel-vs-fail consistency).
INV-COST-6,Credit-grant equalization,web,NONE,[]P,AnonGrantCredits == SignupFreeCredits,LINEAR_PROPERTY,False,PROPERTY,web/test_commercialization_disabled_new_account_has_credits.py,web/persistence/credit_constants.py::ANON_GRANT_CREDITS; web/persistence/credit_constants.py::SIGNUP_FREE_CREDITS; web/persistence/pricing.py::compute_price,"Credit-grant equalization — the anonymous per-cookie grant (ANON_GRANT_CREDITS) EQUALS the signed-up free-tier seed (SIGNUP_FREE_CREDITS), both $5-worth at CREDIT_PRICE_CENTS (no-commercialization-mode Q2). ANON_GRANT_CREDITS is COMPUTED (5*100 // CREDIT_PRICE_CENTS), not env-overridable, so it stays consistent with the customer-facing pricing surface; a price change moves both grants together. credit_constants is a DB-free leaf so the equalization is pure-math pin-testable."
INV-BIND-1,Binding env/brief-completeness,dispatch,NONE,[]P,BindingSourceReachesSentinel,LINEAR_PROPERTY,False,PROPERTY,tools/agents/test_binding_from_brief.py::test_binding_fires_from_brief_when_env_absent,tools/agents/sentinel_first_commit.py::run_sentinel,"Binding env/brief-completeness — every canonical dispatch supplies the dispatch-id to the sentinel (via ADA_TOOL_DISPATCH_ID env OR the brief-file dispatch-id: line), so update_harness_id fires. The §2.3 env-only drop is a violation."
INV-BIND-2,Binding liveness,dispatch,NONE,P~>Q,Registered ~> HarnessIdBound,LINEAR_PROPERTY,False,PROPERTY,tools/agents/test_binding_from_brief.py::test_binding_fires_from_brief_when_env_absent,tools/agents/agent_registry.py::update_harness_id,Binding liveness — every registered dispatch is eventually bound: its register event is followed by an update-harness-id for the same dispatch-id within the pre-sentinel window. Modeled single-lane (each agent's own ordered register→sentinel handoff) → LINEAR (§G-Q6).
INV-BIND-3,Binding uniqueness/no-mis-join,dispatch; dispatch-b,DISPATCH_PENDING_JOIN,[]P,NoDispatchHarnessMisJoin,SAFETY_BFS,True,SIMWORLD,web/test_simworld/test_invbind3_dispatch_mis_join.py::test_invbind3_brief_parse_never_mis_joins,tools/agents/_agent_identity.py::parse_dispatch_id_from_brief,"Binding uniqueness/no-mis-join — at most one harness_id is bound to a given dispatch_id, and it is the OWNING agent's, never a sibling's, under concurrent dispatch. The rejected Option-1 content-join would introduce the mis-join race."
INV-BIND-4,"Marker↔registry consistency — once bound, the active-agents marker key and the registry row's canonical key resolve to the SAME agent (J2/J5 no longer mis-key).",dispatch,NONE,[]P,MarkerRegistryKeyConsistent,LINEAR_PROPERTY,False,PROPERTY,tools/agents/test_binding_from_brief.py::test_env_dispatch_id_still_takes_precedence,tools/agents/agent_registry.py::reconcile_markers,"Marker↔registry consistency — once bound, the active-agents marker key and the registry row's canonical key resolve to the SAME agent (J2/J5 no longer mis-key). A single ordered reconcile once bound → LINEAR (§G-Q6 c)."
INV-WP-S8-CAUSAL,S8 fan-in measurement causality — for every job jobs.completer_claimed_at >= jobs.chunk_notified_at (S8 >= 0).,worker; job-completer,NONE,[]P,CompleterClaimAtLeastChunkNotify,LINEAR_PROPERTY,False,PROPERTY,tools/perf/test_warm_path_s8_measurement_invariants.py::test_causal_negative_s8_flagged_untrustworthy,tools/perf/warm_path_critical_path.py::_measurement_integrity,"S8 fan-in measurement causality — for every job jobs.completer_claimed_at >= jobs.chunk_notified_at (S8 >= 0). The two stamps are UNGUARDED cross-pod writes (the completer merge-claim is gated on the chunk COUNT, not on the chunk_notified_at stamp), so a NEGATIVE S8 is reachable and MUST be flagged by the reader's measurement-integrity gate, never averaged into a reported latency."
INV-WP-S8-LASTCHUNK,"S8 fan-in start stamp reflects the LAST chunk — jobs.chunk_notified_at holds the fan-in-complete instant, not a racing earlier chunk.",worker,NONE,[]P,ChunkNotifiedReflectsLastChunk,LINEAR_PROPERTY,False,PROPERTY,tools/perf/test_warm_path_s8_measurement_invariants.py::test_lastchunk_last_committer_writes_max_by_construction,web/worker.py::_notify_coordinator_and_check,"S8 fan-in start stamp reflects the LAST chunk — jobs.chunk_notified_at holds the fan-in-complete instant, not a racing earlier chunk. Race-free BY CONSTRUCTION: concurrent per-chunk stamps serialise on the parent ROW LOCK and SERVER_NOW binds now() (txn-start = the stamp UPDATE = the txn's first statement), so the last committer writes MAX(now()) = the last chunk. Depends on the stamp remaining a single-statement update_job with no preceding same-txn read (else now() pins early)."
INV-WP-S8-LIVENESS,S8 fan-in measurement completeness,worker; job-completer,NONE,P~>Q,Completed ~> BothStampsPresent,LINEAR_PROPERTY,False,PROPERTY,tools/perf/test_warm_path_s8_measurement_invariants.py::test_liveness_null_s8_on_completed_job_flagged,tools/perf/warm_path_critical_path.py::_measurement_integrity,"S8 fan-in measurement completeness — every job that reaches COMPLETED EVENTUALLY has BOTH jobs.chunk_notified_at and jobs.completer_claimed_at stamped; a terminal job missing either is a measurement GAP the reader flags (an unstamped completed job = a dark S8, never a silent zero)."
